Date,AFL,ALB,AOS,APD,ATO,BF-B,BRO,CHRW,CINF,CL,CLX,CVX,DOV,ESS,EXPD,FRT,GWW,HRL,IBM,ITW,JNJ,KMB,KO,LOW,MKC,MMM,NUE,NVDA,O,PNR,PPG,ROP,SPGI,SWK,SYY,TGT,TROW,WMT,WST,XOM
2019-04,1033.589995,1716.000008,1158.429997,4115.830015,2113.140004,1114.230004,641.839998,1862.44001,1847.7900079999997,1448.4700010000001,3260.929976,2564.859993,2030.039992,5961.630005000001,1656.49999,2837.709977,6361.319976,862.330006,2846.8356320000003,3233.699982,2892.680007,2598.460001,991.609997,2390.600011,1603.48,3700.802703,1228.210006,982.487493,1437.034868,853.890003,2438.269999,7329.380037,4535.469987,3029.520018,1443.300003,1696.610007,2218.200013,706.296665,2419.069994,1713.319992
2019-05,1126.060007,1542.930011,1031.919984,4519.669997,2243.309998,1142.550002,699.519998,1792.350019,2137.160002,1567.37999,3264.910034,2617.989975,2081.939995,6269.429929999999,1624.320014,2883.609985,5894.699949,869.110013,2835.2868120000003,3286.330032,3038.219987,2824.790008,1072.959998,2289.610008,1698.445,3171.0367710000005,1185.829993,879.767502,1473.769371,811.649998,2445.55999,7773.21005,4728.130005,3039.770018,1616.030007,1663.449997,2286.179976,743.299998,2602.599999,1660.719996
2019-06,1088.309999,1391.3500060000001,898.810006,4406.709976,2094.180009,1105.359992,656.070007,1644.03,2060.969993,1456.459998,3098.120026,2434.920012,1931.5300070000003,5926.349975,1474.309992,2637.1999809999998,5423.909943,823.329995,2594.225622,2991.019989,2789.600006,2701.339999,1023.079998,1964.309998,1555.215,2826.145494,1047.62,748.342494,1391.686049,724.1900049999999,2298.339996,7258.279997999999,4497.079986,2807.729999,1424.199989,1730.6599939999999,2122.979993,721.566675,2414.580016,1502.869979
2019-07,1218.3899940000001,1594.470008,991.830006,5017.069995,2362.989999,1228.810001,773.87,1848.169999,2354.820008,1612.619979,3514.380005,2741.499996,2179.51998,6634.279999000001,1646.8800030000002,2877.44001,6074.450045,907.3700079999999,3056.7782,3340.520004,2965.980027,3014.039992,1154.139999,2285.440019,1754.285,3194.774278,1218.959998,923.902508,1487.8585190000001,837.809996,2586.079991,8231.249971,5267.939973,3233.460006,1565.4099800000001,1926.950012,2439.159981,827.813334,2780.369996,1669.379996
2019-08,1125.56,1425.1499900000001,999.6099969999999,4959.839948,2404.7799959999998,1248.210005,792.370001,1833.250008,2401.700011,1583.430008,3479.209993,2606.649985,2000.179999,6865.839965,1565.3499750000003,2862.219987,5951.599976,915.800005,2859.75145,3280.410006,2869.829994,3057.830016,1181.900007,2225.510001,1789.27,2977.533431,1089.8,882.0649970000001,1538.682159,798.139997,2446.62001,7814.359987,5635.770004,2976.28,1582.280006,2007.609996,2375.910015,808.823334,3145.639999,1527.379988
2019-09,1035.1100040000001,1339.600003,967.59,4422.500015,2228.800002,1263.46,723.4100049999998,1697.659995,2280.300002,1446.989998,3123.86998,2424.54,1959.149994,6507.609986,1476.220008,2698.109973,5768.830018,863.1499900000001,2716.414873,3096.430007,2595.760025,2723.419985,1091.089995,2245.039992,1599.075,2775.125396,1032.689993,886.3000009999998,1461.792617,743.259999,2336.700003,7197.389953,5093.480057,2831.47003,1550.32,2153.240006,2309.099997,778.906669,2885.789992,1430.97
2019-10,1204.980004,1518.85,1115.009997,4904.17,2573.020003,1460.1000060000001,833.119995,1955.229998,2632.540009,1593.270005,3443.840028,2659.590003,2278.269997,7544.319977,1686.45001,3157.579987,6973.779934,956.310001,3038.508629,3628.9600080000005,3010.19998,3133.040022,1239.650003,2532.989997,1878.475,3097.408013,1190.890003,1096.334994,1763.866278,884.56,2761.7200159999998,7773.790009,5720.759977000001,3359.9000240000005,1813.370005,2527.530015,2561.360015,909.223339,3239.259964,1573.3099950000003
2019-11,1081.860006,1325.799993,1003.739999,4650.669983,2166.079995,1318.529992,755.5699970000001,1523.469978,2165.309997,1336.5,2936.679993,2390.199981,2194.0499919999997,6317.439971,1519.2999869999996,2637.859986,6402.140013000001,849.699996,2589.483742,3496.059999,2677.430022,2653.170013,1057.810002,2300.739977,1637.605,2857.709031,1106.349997,1053.1249990000001,1502.054269,867.740002,2570.790006,6968.689971,5214.869994,3148.629988,1610.480008,2316.499993,2417.249993,795.443334,2960.410018,1393.7199859999998
2019-12,1110.180006,1427.829995,983.990004,4888.330031,2280.270006,1376.679987,814.979999,1617.010003,2199.369996,1433.749998,3184.439973,2488.410008,2382.669997,6356.6300329999995,1589.119989,2709.539956,6934.679963,948.9599940000002,2689.999978,3719.6200259999996,2993.100007,2870.09001,1143.449987,2484.360016,1780.03,3008.762559,1193.430005,1179.422503,1500.969009,951.09999,2776.279977,7363.789978000001,5692.400026,3402.779953,1760.869995,2667.370003,2577.579996,836.856669,3118.629991,1458.590003
2020-01,1103.270005,1626.309998,974.3900059999999,4926.869995,2395.859969,1452.149986,870.510013,1653.850006,2215.119994,1469.240007,3273.29004,2416.890006,2457.429994,6406.830018,1597.649993,2675.670005,7007.210021,964.390008,2767.657746,3740.049989,3093.729996,2969.609984,1185.459997,2529.959999,1765.445,3093.135451,1094.630006,1285.267497,1545.116293,957.319999,2666.890014,7839.339994,6119.02005,3494.720002,1749.609984,2497.900011,2734.939981,813.4766619999999,3259.330031,1424.260008
2020-02,963.660001,1649.1699979999999,813.139994,4692.6400300000005,2215.579986,1304.710017,888.719998,1377.7600089999999,2075.369995,1422.770006,3132.009993,2027.349991,2198.2899859999998,6003.949982,1393.069983,2382.490005,5711.060091,880.309993,2700.076454,3479.5700079999997,2820.559981,2701.3200070000003,1114.400006,2288.580002,1530.405,2498.135475,893.349993,1286.930016,1455.736427,824.7799959999999,2240.659983,7237.050019,5586.789979,3020.6300039999996,1433.8300029999998,2174.000015,2548.260009,732.363337,3112.62001,1114.160005
2020-03,766.630006,1476.1999930000002,854.59,4510.699983,2205.909986,1229.959995,861.689998,1422.999984,1887.459985,1480.650005,3838.1299899999995,1682.2099849999997,1917.959992,5404.77002,1431.640007,2078.850015,5612.53996,974.999995,2372.753355,3315.7399910000004,2881.919998,2906.000024,1048.65,1955.820002,1515.145,2564.991638,764.900001,1339.540001,1316.879836,710.8100000000001,1980.990005,6893.63997,5300.70006,2340.879998,1106.130005,2212.439997,2308.680001,839.060004,3171.139971,884.960005
2020-04,754.280008,1261.4099969999997,837.290004,4452.910003,2160.5000019999998,1267.149995,763.899994,1503.370003,1649.7500070000003,1481.700015,3927.559981,1760.260011,1832.140022,4939.780014,1476.889998,1577.6100099999999,5644.039948,1008.589991,2390.650088,3248.849992,3063.679963,2868.480011,973.1399950000001,1985.769982,1598.295,2558.23578,795.590002,1454.232505,1036.821711,658.460002,1893.089987,6631.260011,5707.820022,2287.559997,1026.619993,2206.939987,2160.7200000000003,880.51667,3591.899963,888.1600040000001
2020-05,700.729994,1293.819994,863.200007,4635.949982,1964.0500030000003,1307.980005,755.559996,1499.250008,1111.280005,1391.349997,4051.8000179999995,1831.570022,1817.039994,4782.049989,1467.750008,1539.49,5759.510007,945.700004,2316.921607,3247.4100340000005,2955.359999,2751.960021,905.049995,2320.509993,1684.095,2463.210708,809.789997,1636.762504,1022.645352,709.5500049999999,1848.4099860000003,7233.8499759999995,6078.309907,2315.519996,1041.910007,2351.52001,2282.699996,827.156664,4105.899991,889.820007
2020-06,820.9299950000001,1725.989991,1050.890005,5293.550004,2229.599991,1442.7900010000003,910.830001,1753.059991,1398.509994,1602.110001,4607.409989,2048.469999,2166.649986,5379.359956,1657.63002,1969.499999,6800.75,1055.719983,2609.483756,3791.889999,3161.8600160000005,3076.090013,1023.640007,2888.5600190000005,1906.55,2916.881263,940.849993,2005.4650199999999,1295.397296,848.5800040000001,2327.80999,8706.769991,7158.04001,2998.009964,1243.839991,2632.03,2740.070016,883.71333,4680.569961,1047.59
2020-07,787.920002,1829.299988,1093.680006,6144.100021,2238.639991,1463.5599970000003,947.740002,1870.0000020000002,1649.46,1639.959991,5003.280014,1932.5899970000003,2226.430008,4916.139983,1744.080009,1729.609999,7224.190033,1083.810002,2577.208399,3964.3000019999995,3215.529999,3196.240004,1022.940007,3130.700014,2080.91,2881.847872,913.919997,2249.8374949999998,1250.455427,893.219993,2413.860008,8976.74002,7694.559996,3253.890001,1181.459996,2663.279991,2874.3800260000003,945.866666,5434.559952,955.220007
2020-08,772.809997,1886.1599870000002,1032.209993,6021.830016,2160.200005,1493.55001,962.7499989999999,2018.070022,1672.150001,1629.309999,4773.49002,1830.2699890000001,2303.609992,4561.419983,1816.409993,1679.979995,7407.159973,1086.219994,2509.149133,4090.3000170000005,3150.210006,3294.459991,1006.659996,3321.7799990000003,2118.98,2837.265862,949.049996,2514.764997,1259.166668,945.880004,2464.270004,9165.070006,7467.790008,3339.619965,1224.2400010000001,2965.4200279999995,2889.3300169999998,927.2833339999999,5746.190031,889.2699910000001
2020-09,769.869993,1954.329978,1069.740003,6244.999969,1989.8299850000003,1623.81999,943.8399909999999,2120.28,1636.109991,1610.44001,4475.330016,1619.76001,2321.469984,4462.649995,1890.940005,1636.129991,7423.019957999999,1040.650001,2448.58508,4104.109999,3104.260011,3119.749971,1048.3899959999999,3402.830031,2064.155,2890.133789,971.840002,2682.320023,1274.612398,948.049999,2601.309991,8470.609985000001,7417.920107,3370.340012,1318.079989,3152.940017,2700.029997,972.3500009999999,5756.200014,771.800003
2020-10,809.220002,2067.489996,1200.64,6449.640045,2098.80001,1651.150001,1015.119995,2215.340005,1712.669992,1735.659981,4680.919969,1582.30001,2472.019997,4512.430006,2026.300006,1651.98002,8151.019959,1086.499995,2521.768631,4404.589997,3202.280028,3207.680022,1093.940005,3738.9299909999995,2135.65,3048.2441699999995,1062.959997,2983.144995,1298.459308,1083.69,2886.140043,8998.020049,7609.530060000001,3785.279985,1395.180003,3537.130035,3084.619995,1045.696658,6295.100038,740.920003
2020-11,830.5000079999999,2416.739997,1105.950004,5644.380035,1956.779991,1565.90001,925.6599930000001,1839.7599930000003,1570.339988,1684.290009,4118.729996,1656.659998,2426.100015,4927.740007,1776.670001,1718.300005,8031.219971,997.7900060000001,2249.808801,4191.559981,2900.129975,2769.059998,1041.689994,3157.270005,1850.155,2838.469895,1037.80999,2675.78501,1187.141476,1055.420001,2842.449982,8032.190032,6825.630034,3638.2400209999996,1372.010003,3316.240006,2779.949998,987.333344,5652.420044,737.010002
2020-12,980.299994,3113.910002,1221.129997,5929.440033,2115.849991,1724.200003,1005.130007,2050.040015,1824.790015,1872.2300100000002,4443.76999,1942.800018,2703.660003,5324.300002,2026.7299889999997,1954.580003,8974.679993,1038.280004,2625.1051650000004,4482.080018,3342.030026,2983.720016,1173.520003,3499.72998,2054.56,3197.92644,1204.519994,2909.44252,1296.9379820000001,1142.989988,3181.679948,9253.75009,7154.089967,3925.519986,1633.330009,3821.020034,3290.980011,1074.896659,6011.809999,921.6400030000001
2021-01,866.989997,3326.7200159999998,1072.219998,5349.650025,1709.299988,1423.679991,881.7199990000001,1809.230006,1682.519981,1537.019996,3826.0700229999998,1724.889991,2376.25,4514.349974,1780.0899900000002,1639.919994,7379.839964,871.700001,2285.898674,3873.410034,3078.489991,2525.249985,943.430006,3202.590025,1769.9,2721.613724,1038.119993,2524.692512,1092.31589,1070.629994,2752.589982,7972.249911,6049.870025,3325.230026,1426.120004,3596.1500249999995,2967.1199949999996,923.13667,5675.869996,884.299998
2021-02,895.659995,3010.36,1135.339991,4964.590057,1706.170013,1423.4500030000002,858.2400060000001,1701.459992,1750.84002,1485.239989,3604.3500050000002,1783.7499919999998,2310.120001,4956.390028,1774.2599849999997,1842.539985,7117.599914,910.830001,2196.472268,3812.910002,3107.110016,2499.870024,947.399997,3262.520006,1663.79,2820.175616,1064.649997,2712.682509,1131.560079,1047.530008,2613.480011,7471.20999,6303.459992,3316.9599910000006,1458.049995,3589.6100150000007,3073.580015,889.569992,5479.119965,975.919992
2021-03,1164.129999,3452.980012,1501.720007,6268.240018000001,2136.659978,1622.340004,1059.739994,2186.009989,2413.070016,1758.950005,4311.810011,2447.770003,3080.449992,6346.309997,2317.760008,2400.850006,9084.370024,1101.89,2818.078397,4979.979998,3684.850004,3071.26999,1179.440003,4002.199995,1992.79,3589.322723,1594.660016,2961.50502,1389.253874,1381.320008,3373.6300340000003,9039.650023,7947.519928,4418.189988,1845.249986,4231.270005,3963.160004,1012.8566610000001,6303.00003,1337.930007
2021-04,1107.540002,3264.410003,1423.140034,6020.839936,2119.049994,1553.0499869999999,1034.710002,2058.799987,2251.989981,1678.250011,4000.410017,2167.869996,3005.350036,6037.819946,2305.679992,2257.969993,8656.78003,983.42,2758.0975099999996,4715.980027,3423.819961,2864.290008,1125.379997,4182.26001,1881.17,3466.020079,1675.769996,3152.162476,1367.8294480000002,1329.079999,3400.190032,8969.729979,7901.780060000001,4293.369993,1710.8799999999999,4316.190035,3734.4900210000005,976.2299939999999,6494.799959,1185.85
2021-05,1116.849998,3214.040008,1406.979997,5936.269929,2007.290009,1564.780001,1049.019997,1964.069992,2387.859992,1661.699996,3625.450029,2127.689997,2998.7100040000005,5770.940004000001,2391.019997,2260.900009,9200.670044,953.599997,2763.307831,4687.929993,3384.530059,2671.600022,1091.999997,3954.640014,1798.38,3385.4933300000002,1987.650016,2937.639985,1300.232571,1353.930017,3566.96002,8830.920012999999,7626.040037,4274.080015,1653.63001,4323.460009,3761.350037,938.546665,6673.060058,1199.339996
2021-06,1210.830003,3688.559968,1516.5299900000002,6535.820011,2190.500014,1678.729988,1155.809994,2118.829985,2633.410012,1811.2999870000003,3873.289995,2355.04001,3290.660004,6772.1500829999995,2738.589995,2632.629998,9938.669983,1062.729998,3093.432128,5021.42995,3621.549986,2869.130048,1210.230001,4189.660035,1939.2,3661.964889,2230.049988,4008.107484,1471.065895,1483.95001,3837.560027,10050.610045,8684.269898,4495.55,1722.920006,5150.880034,4280.61998,1019.58334,7647.479982,1376.200006
2021-07,1124.549995,3871.949997,1478.740005,6057.869995,2078.609993,1527.1299969999998,1125.319995,1941.089996,2456.819969,1737.8599819999997,3823.150037,2133.079996,3315.450028,6787.989992,2683.9700000000003,2456.089996,9538.079956,996.569991,2829.359481,4764.170027,3564.469987,2848.450009,1170.259998,4094.47003,1817.08,3507.19899,2013.53,4125.732497,1410.135667,1461.59999,3503.370024,10188.500029,8720.380036,4288.330002,1551.039985,5321.179978,4287.059998,988.153334,7906.640043000001,1241.679993
2021-08,1241.85,4969.699966,1575.369979,6097.040037,2186.909988,1534.920012,1236.300009,1985.0799989999998,2669.650002,1728.93,3683.6100010000005,2188.529995,3784.540007,7054.889953,2726.230004,2609.159999,9599.460051,1007.71,2968.977021,5073.140016,3852.310027,2991.540008,1244.249997,4332.729967,1880.18,3633.1270730000006,2557.499986,4556.68001,1517.548454,1712.58,3617.569992,10624.18997,9645.359923,4299.829985,1693.349993,5627.369998,4738.730025,1084.183345,9615.630034,1232.780002
2021-09,1132.410008,4826.849992,1416.140004,5547.709992,1923.400001,1467.580001,1205.269998,1863.479996,2470.22,1615.150009,3514.8099989999996,2061.959984,3499.859983,6861.849914,2600.899986,2520.610016,8634.55002,881.920001,2757.055426,4592.500016,3501.949997,2864.6899869999997,1153.029995,4327.77997,1797.22,3229.080261,2232.799987,4606.680039,1393.032937,1601.139991,3146.470004,9849.499999,9366.099975,3892.510011,1636.919998,5084.370008,4451.980013,1011.0866570000001,9457.199920000001,1172.869995
2021-10,1154.109993,4808.740022,1372.850019,5910.440078,1927.459999,1440.309991,1305.090001,1972.269994,2502.16001,1587.549986,3406.6199950000005,2300.650003,3428.630019,6987.369932999999,2484.849999,2554.660003,8917.570009,881.270001,2756.137673,4602.329956,3394.190002,2769.6299910000002,1140.740008,4583.010025,1681.41,3148.5869430000002,2153.089997,4643.1899889999995,1420.843022,1529.050004,3270.860001,9807.360013,9288.609984,3797.479995,1688.339996,5112.200027,4213.379974,998.449995,8696.830077999999,1314.879992
2021-11,1179.059994,5706.470034000001,1683.7199930000002,6335.509917,1973.7599959999998,1528.020027,1341.679998,2000.2999970000003,2544.680001,1625.2999810000001,3502.220016,2408.820024,3635.580001,7212.790039000001,2663.929992,2686.609994,10160.099976,903.7600019999999,2501.696755,4969.860014,3409.6899719999997,2802.680008,1171.720009,5062.370025,1745.33,3162.132122,2358.769997,6381.589997,1469.5702430000003,1590.709984,3378.73996,10177.649995,9660.759951,3938.279985,1606.6200109999997,5341.220048,4473.429992,1025.939997,9050.94998,1336.989996
2021-12,1253.34,5320.930023,1822.119995,6543.490023,2165.099998,1584.169992,1481.499983,2243.489989,2523.479994,1784.789992,3760.060015,2560.339979,3795.6200239999994,7583.5800770000005,2864.5099490000002,2876.720007,11102.690064,1020.6999969999999,2769.19002,5299.01001,3673.789993,3042.469998,1251.350003,5569.900008,2023.79,3223.8628670000003,2485.579994,6584.759978,1510.520011,1596.050003,3633.970001,10476.749968,10327.799987,4081.430008,1630.71,5109.88002,4313.770002,1030.979992,9800.600006,1348.100003
2022-01,1240.62,4493.239989,1605.310005,5788.80005,2103.369996,1352.2599930000003,1326.8599960000001,2140.800002,2333.510001,1668.659996,3530.429978,2550.790024,3527.940002,6811.809937,2425.519981,2602.790001,10004.109986,975.7899920000001,2677.370024,4817.980011,3388.5999739999997,2832.229979,1208.870007,4831.750001,1919.28,2934.021759,2129.639999,5154.050016,1400.800012,1337.340005,3257.260023,8977.369995,8582.220001,3685.969958,1572.089989,4463.849977,3465.479967,945.2999980000001,7830.5499549999995,1426.759994
2022-02,1209.919995,4076.3399799999997,1366.099999,4780.090012,2025.199996,1267.400001,1272.779998,1748.90001,2326.410016,1513.770011,2816.240004,2587.349991,3073.830003,6104.960051999999,2050.699996,2299.360001,9093.210024,902.599998,2479.209989,4223.240004,3179.970032,2518.6799929999997,1167.240001,4297.259996,1888.46,2480.719062,2254.440017,4679.499983,1280.319999,1128.339999,2843.480009,8443.680021,7468.180023000001,3130.08998,1572.9599890000002,3939.119979,2795.949997,867.806668,7393.519958,1498.840003
2022-03,1431.1299910000002,4525.489974,1540.5900100000001,5362.790025,2642.830003,1508.0900080000001,1558.260009,2408.1299989999998,2957.420027,1728.6199899999997,3154.390052,3753.350005,3569.460006,7792.619994,2360.230005,2733.599992,11404.149964,1158.670002,2929.000021,4841.880035,3981.010008,2830.560011,1394.329998,5131.360031,2253.16,2829.4147030000004,3223.209985,5715.879988,1533.819993,1285.129999,2912.300019,10475.700044,9201.650056,3423.889984,1866.2100160000002,5011.019989,3311.35002,1097.580003,9047.879943,1893.7799749999997
2022-04,1275.409989,4156.419997,1279.709991,4929.919997,2389.570009,1359.499992,1400.059994,2057.540009,2729.479995,1599.949988,2925.679992,3304.11998,2956.410003,6962.129974999999,1972.5299919999998,2436.620001,10198.429871,1062.610004,2630.0700280000005,4054.539963,3624.919985,2609.199989,1290.650005,4051.659972,2042.94,2482.541792,3172.390015,4392.1400140000005,1444.39001,1059.370001,2617.44999,9429.960023,7913.899965,2787.62999,1722.860001,4647.659986,2827.7400000000007,1036.616669,7513.670014,1706.710006
2022-05,1207.2799959999998,4868.330016,1243.129995,4984.970015,2392.169992,1366.599994,1209.169997,2242.630005,2629.539985,1618.0599910000003,3126.3799910000002,3541.630006,2785.109986,6202.360016,2265.099999,2391.290009,10009.51001,1064.509995,2816.209989,4318.770017,3739.3899830000005,2842.989992,1341.190005,4056.820022,2011.59,2607.299332,2755.150039,3736.020003,1411.359997,1052.139995,2641.010018,9109.849975,7223.900024,2532.389999,1735.310003,4106.939974,2602.479973,966.173337,6388.170011,1911.260003
2022-06,1176.790005,4806.619979,1196.949998,5161.79001,2322.010009,1429.100015,1196.21,2172.769996,2516.079993,1630.01998,2806.030005,3402.930008,2642.789995,5601.3899519999995,2114.149993,2132.040009,9925.450012,966.619995,2921.970018,4030.23999,3682.350006,2715.430002,1298.33,3845.9300080000007,1819.48,2403.704002,2462.890017,3573.3399969999996,1403.400016,992.079997,2490.209992,8416.599976,6964.619996,2307.569994,1734.990014,3132.179978,2450.300003,856.29667,6272.389954,1974.279989
2022-07,1109.999999,4251.370026,1158.620003,4683.690003,2272.89,1425.800027,1216.63,2012.370003,2258.6699989999997,1570.689995,2912.4400159999996,2887.779999,2488.08001,5378.199981,1978.26999,1994.7200090000001,9488.080076,959.1399970000001,2693.799966,3749.040008,3504.410004,2678.689987,1255.059987,3721.030016,1668.56,2217.215706,2317.960007,3266.080015,1407.6100099999996,942.839996,2415.6699980000003,8111.290069000001,7082.529967,2195.829998,1730.210001,3022.520035,2349.1499920000006,850.543336,6232.300018,1749.5099930000001
2022-08,1410.459999,6138.529983000001,1409.060002,6009.020081,2682.389999,1746.7699980000002,1509.169999,2636.559999,2313.150001,1857.6699730000003,3352.219985,3644.9500120000002,3081.569985,6515.920016,2427.900016,2468.780015,13038.379944,1156.199997,3063.37996,4792.979995,3862.59999,3080.9400099999993,1467.719987,4676.429991,2050.03,2746.371231,3179.8299859999997,4085.319977,1662.310006,1118.090009,2992.600013,9810.82001,8667.339996,2197.65001,1952.33001,3837.4799940000003,2897.419974,1017.3433440000001,7479.589995,2157.399986
2022-09,1245.880006,5884.490019,1107.910001,5150.90999,2376.809997,1481.690003,1301.170015,2227.680008,2021.1500089999997,1589.940012,2970.220017,3227.8399959999997,2598.579997,5422.089999,2000.189995,2039.000007,11151.849944,976.0399989999999,2641.830009,4084.319977,3463.0600130000003,2563.190009,1254.880006,4067.4400050000004,1648.03,2056.580293,2532.539987,2766.629968,1342.79001,907.619994,2501.110023,8122.540069,7147.100007,1763.069991,1647.6700129999997,3386.549988,2388.19,935.70667,5785.00003,1936.089997
2022-10,1265.189999,5641.750015,1069.630005,5065.110015,2148.349999,1382.299991,1276.700005,2014.45001,2066.699997,1500.04,2826.539991,3484.8199769999997,2593.51001,4807.270032,1937.780001,1949.340013,10985.119963000001,959.209999,2646.119988,4096.039965,3497.640002,2425.3300169999998,1189.24999,4049.129991,1572.66,2028.001663,2621.33999,2618.659996,1236.460003,869.5799959999999,2383.540016,7935.140015,6418.680025,1627.0999989999998,1626.580002,3303.34001,2212.160004,944.053324,5146.210007,2149.409996
2022-11,1463.179999,6034.069945,1234.619996,6070.9399889999995,2345.41002,1457.639998,1201.939993,1999.7999939999997,2213.430007,1576.869995,3043.499942,3846.35002,2893.670001,4473.410032,2266.719996,2229.62999,12496.590028,1001.5500080000002,3007.889967,4664.669969,3655.98999,2703.6999769999998,1278.819999,4238.870025,1728.98,2229.724096,2959.780013,3215.850006,1336.8400080000001,925.3499929999999,2617.520011,8920.599975000001,7123.710021,1668.019981,1770.40998,3430.480011,2476.350007,1024.523344,4807.499971,2355.1299989999998
2022-12,1489.5199969999999,5117.109987,1217.759998,6616.840058,2434.8799989999998,1434.469994,1205.28,1984.449997,2210.220032,1646.370002,3071.78,3662.669998,2881.25,4489.669998,2288.930001,2200.79,12073.120058,972.6999969999999,3036.210023,4657.899976,3724.219987,2875.3600320000005,1335.280007,4303.959993,1777.12,2166.998334,2980.569994,3404.610016,1338.700004,944.030003,2716.150024,9100.75,7224.299956,1621.620012,1692.7300010000001,3150.339983,2439.4100049999997,1023.313332,4975.059998,2245.4899880000003
2023-01,1444.740004,4933.440079,1212.840001,6196.72,2279.099998,1322.930012,1188.88,1891.170005,2138.77001,1533.079984,2855.210007,3552.6399839999995,2822.960007,4341.800001,2154.360007,2152.040004,11294.679869,909.649988,2824.410004,4557.11003,3439.4799980000003,2686.270006,1227.120006,4090.790009,1599.04,2036.488303,3057.420029,3454.659957,1321.289996,987.9700079999999,2578.63996,8816.850005,7211.04004,1693.980005,1568.259994,3227.490022,2312.649994,955.8666640000001,5049.46994,2240.300004
2023-02,1318.499993,5083.420031,1272.959993,5429.690062,2211.140008,1245.949999,1096.329993,1947.3099960000002,2335.040002,1399.349999,2888.240005,3175.000015,2921.469972,4424.40001,2113.509988,2079.839997,12617.960022,857.459999,2549.380003,4520.409988,3050.149964,2441.9199839999997,1138.799995,3999.779985,1423.18,1797.056869,3190.739976,4188.099991,1260.950017,1075.32,2468.389993,8137.5599680000005,6859.27002,1681.900002,1462.700004,3264.619994,2250.1500270000006,908.500001,5497.059999,2152.050002
2023-03,1481.070002,5259.810013,1543.749992,6468.289947999999,2561.249993,1457.840005,1278.089995,2265.630027,2578.530022,1677.849984,3554.319992,3666.9300089999997,3357.51001,4908.739989,2464.109994,2251.170022,15625.190064,910.120007,2920.650009,5390.279984,3521.7100219999998,2924.600015,1387.989989,4504.510009,1705.62,2013.386285,3615.139998,5774.709964,1435.23001,1229.63999,2951.370026,9841.399963,7749.680024,1845.240019,1727.2599989999999,3701.4400169999994,2522.110004,1078.223329,7569.459991,2465.430002
2023-04,1256.18001,3724.660021,1277.7899869999999,5472.619995,2177.249984,1208.3800059999999,1145.079996,1823.9100029999997,2053.769989,1450.4299919999999,3052.029967,3221.44998,2777.169999,4009.080001,2086.159979,1849.570015,12609.570004999998,761.870007,2436.860001,4449.900024,3104.219986,2643.150025,1202.300003,3882.339996,1627.58,1660.969893,2823.019974,5158.370027,1179.100001,1020.569996,2655.479966,8390.980042,6606.339966999999,1502.490004,1440.650004,3092.259981,2118.919997,951.3166669999999,6802.780031,2205.329986
2023-05,1462.289994,4319.649993,1499.749987,6173.430054,2558.659999,1397.019996,1425.959998,2216.449997,2265.169997,1745.98,3644.119996,3443.7699889999994,3082.63002,4706.8900300000005,2516.660003,2008.8099730000001,14806.000063000001,871.820002,2752.269983,5013.729996000001,3506.8900009999998,3127.600022,1378.320005,4501.380005,1942.15,1841.178933,3060.959977,6832.4799809999995,1338.559994,1277.18,3029.970002,10029.510009,7914.48999,1792.209992,1616.060012,3336.2700049999994,2338.3700010000002,1100.89334,7802.450012999999,2345.229996
2023-06,1431.1500079999998,4635.540008,1467.099983,6009.540101,2439.659988,1362.580002,1372.500012,1952.510003,2086.610016,1602.730012,3304.179991,3274.719988,3001.9899920000003,4837.060011,2447.659987,1969.5099860000003,15275.630006,852.680007,2812.3199920000006,5055.17,3395.569993,2860.559997,1276.51,4512.350039,1909.27,1764.657195,3168.279953,8593.590055,1266.140009,1270.939996,2967.270002,9655.450013,8132.569976,1837.320007,1528.0700069999998,2772.220001,2330.999985,1075.586669,7543.469999,2214.1900180000002
2023-07,1421.589996,4528.620025,1475.699995,5953.040008,2410.170003,1359.339997,1391.839987,1943.510001,2016.219996,1529.550009,3104.600006,3149.600006,2963.439986,4793.539976,2465.590011,2006.5900120000001,15333.909973,800.4200030000001,2733.589995,5049.250046,3289.2400210000005,2690.9399869999997,1224.309996,4602.189999,1738.72,1736.897987,3339.909974,8952.519958,1226.420008,1319.879999,2963.729966,9674.390045,8184.530031999999,1918.959974,1491.619998,2661.770019,2349.620026,1045.76667,7536.049988,2087.410003
2023-08,1731.8099900000002,4426.460003,1638.559997,6635.920014,2697.1599889999998,1585.3399889999998,1648.20001,2192.649992,2446.150001,1725.650016,3613.660003,3685.0999919999995,3284.340025,5518.899992,2709.210006,2290.159996,16393.570011,919.670002,3305.870026,5583.84001,3892.369993,2948.33001,1397.35,5155.940015,1953.29,1986.998337,3884.02997,10408.410004,1328.8200050000003,1583.049996,3218.050018,11314.450012,8927.250001,2165.899993,1653.559999,2956.740012,2580.6599889999998,1220.469993,9037.069977,2497.350007
2023-09,1523.339998,3595.760008,1357.880003,5890.100036,2243.610006,1245.669993,1453.0299989999999,1744.9,2124.9800020000002,1455.249986,2855.760011,3341.080002,2847.889985,4457.380018,2314.900009,1911.140009,13831.920044,762.210009,2924.400039,4738.579973,3213.940005,2499.22,1156.919999,4414.360001,1570.94,1685.317726,3203.260023,8864.860046,1067.2599989999999,1337.580006,2661.76001,9887.160034,7658.779938000001,1751.850007,1381.499994,2379.839996,2166.339996,1086.199997,7790.379943,2325.390008
2023-10,1721.6000140000003,3317.280015,1500.460014,6204.910004,2394.310018,1228.809999,1527.889969,1853.440003,2214.309988,1574.6499959999999,2713.760002,3544.2499390000003,2993.419968,4706.219986,2513.269995,1940.499984,15606.150023000002,743.049992,3092.5200349999996,5041.1199990000005,3382.879988,2645.799982,1197.210003,4282.430006,1397.39,1634.857843,3296.56998,9599.740051,1090.86,1365.960001,2799.760002,10770.269929,7882.9700330000005,1767.910012,1422.3700010000002,2393.160019,2166.150003,1175.40667,8060.9899319999995,2413.019972
2023-11,1712.570014,2586.229994,1552.619988,5726.379959,2351.379998,1230.069997,1527.040002,1717.810006,2120.539991,1598.700005,2839.340012,3034.920001,2850.929978,4449.250017,2436.859995,1956.629983,16528.549927,679.279996,3183.580004,4955.470002,3155.900024,2546.280014,1206.669999,4154.71002,1370.49,1663.1856400000001,3274.600007,9981.610016,1091.530001,1307.2600090000003,2787.069986,10865.239991,8371.550051,1858.240013,1456.3799990000002,2539.750022,2020.820008,1128.52,7201.380067,2192.939995
2023-12,1642.58001,2747.05999,1592.759994,5389.299957,2294.409997,1149.339998,1447.989998,1708.1599879999999,2059.580015,1563.5299890000001,2846.009995,2949.1200129999997,2982.380006,4742.059983,2480.179979,2047.580021,16373.96997,634.47,3243.720033,5100.440015,3121.480025,2422.709983,1174.570003,4333.039977,1354.08,1757.4331120000004,3417.649993,9614.099976,1124.78999,1391.89,2938.459977,10815.699953,8607.160005,1920.439987,1469.690003,2757.580002,2088.120016,1029.486667,7033.25998,2015.530022
2024-01,1755.320006,2658.059959,1688.290009,5545.599991,2416.349996,1162.889999,1561.420019,1819.259985,2292.209992,1705.1200099999999,3004.679992,3079.83,3118.480026,5082.01004,2673.499999,2144.760017,17923.760007,658.409995,3580.610002,5416.329973,3372.440004,2570.119974,1255.670004,4532.939989,1408.01,1824.063544,3630.560011,11814.429991,1197.590001,1490.890015,3028.18997,11341.180053,9231.850035,2002.720008,1591.029994,2956.910018,2278.23999,1130.513333,7380.779966,2107.099989
2024-02,1575.789995,2376.929993,1608.189994,4567.960007,2262.9200059999994,1151.229993,1631.919997,1476.079993,2225.909997,1696.0000029999999,3059.469986,3055.310014,3230.270034,4620.729964,2459.30002,2007.010002,19016.240052,602.3,3694.300002,5137.400024,3168.029985,2410.360016,1203.770014,4540.13997,1337.24,1552.3327800000002,3724.479995,14510.089966,1054.900002,1500.3500040000001,2817.590011,10932.399964,8714.470033,1780.449988,1604.319998,2960.809967,2187.660013,1148.286671,7589.079987,2062.24999
2024-03,1669.6400090000002,2475.670013,1734.479995,4833.080032,2317.250008,1082.68,1710.5100009999999,1474.149987,2364.019996,1767.22998,3041.510025,3069.820022,3474.280013,4817.440018,2407.000007,2016.5999899999997,19912.979858,684.399992,3853.349976,5286.049987,3168.970001,2508.3700049999998,1204.830006,4949.830018,1399.98,1681.4381349999999,3792.990006,17888.509949,1050.569996,1631.829993,2823.299989,11007.840089,8493.060029,1838.770004,1611.55999,3362.2400189999994,2347.010009,1211.469994,7594.890075000001,2212.979982
2024-04,1744.83,2542.800004,1814.510012,4944.250003,2441.23999,1045.419998,1743.339997,1490.850004,2498.539994,1844.779992,3053.089996,3382.060026,3648.359986,5048.979964,2438.250001,2108.3000110000003,20389.359986,731.6600030000001,3842.8400110000002,5365.100009,3142.499983,2705.90999,1256.759996,4935.48999,1569.98,1933.380006,4016.000001,17990.840028,1110.159994,1702.7699969999999,2849.190005,11263.570006,8819.769959,1935.530007,1619.420006,3543.490019,2401.56002,1256.279994,8012.769961,2519.720001
